DRG,Bay,Central,Flint,Karmanos,Lansing,Lapeer,Macomb,Northern,Oakland,Port Huron
3,"$317,059 ",,"$346,710 ","$316,217 ","$311,818 ","$165,145 ","$263,842 ","$241,725 ","$232,635 ","$227,746 "
4,"$187,547 ",,"$185,908 ","$217,936 ","$217,111 ","$139,076 ","$178,314 ","$153,925 ","$186,432 ","$122,011 "
11,,,,"$86,334 ",,"$27,703 ","$90,734 ","$35,457 ","$109,518 ",
12,"$41,768 ",,,"$94,481 ",,,,"$30,660 ",,
13,,,,"$74,692 ",,,,,,
14,,,,"$408,459 ",,,,,,
16,,,,"$162,596 ",,,,,,
20,"$559,574 ",,"$258,956 ",,,,"$256,340 ",,,
21,,,"$290,115 ",,,,,,,
22,,,"$99,740 ",,,,,,,
23,"$150,456 ",,"$179,671 ","$35,909 ",,"$61,869 ","$132,866 ","$118,694 ","$94,989 ",
24,,,"$157,782 ",,,,"$110,150 ","$37,374 ",,
25,"$133,036 ",,"$130,122 ","$82,436 ",,"$73,353 ","$86,470 ","$75,307 ","$85,458 ",
26,"$84,567 ",,"$127,840 ","$49,661 ",,"$35,992 ","$92,501 ","$55,710 ",,
27,"$51,172 ",,"$109,241 ","$45,161 ",,"$35,262 ","$56,693 ","$33,434 ",,
28,"$154,615 ",,,,"$42,003 ",,"$101,659 ","$66,702 ",,
29,"$54,211 ",,"$43,868 ","$46,069 ","$51,276 ",,"$98,663 ","$34,817 ","$33,400 ",
30,$0 ,,"$37,494 ",,,,"$93,715 ",,,
31,"$61,972 ",,"$107,175 ",,,"$54,998 ","$59,502 ","$61,167 ","$97,013 ",
32,"$39,219 ",,"$53,406 ","$19,176 ",,,"$47,685 ","$31,350 ",,
33,,,"$41,408 ",,,,,"$24,241 ",,
34,"$27,544 ",,"$52,267 ",,,,,,,
35,"$44,924 ",,"$49,799 ",,,,"$69,086 ","$34,794 ",,"$33,991 "
36,$0 ,,"$52,977 ",,,,"$39,704 ","$25,187 ",,"$32,832 "
37,"$75,163 ",,"$82,489 ",,"$42,939 ",,"$98,023 ","$40,951 ",,"$131,153 "
38,"$48,785 ",,"$47,335 ",,"$48,074 ",,"$73,893 ","$24,818 ",,"$29,759 "
39,"$25,957 ",,"$41,144 ",,"$30,280 ",,"$35,755 ","$18,588 ",,"$27,782 "
40,"$61,709 ",,"$117,402 ","$98,180 ","$79,739 ","$73,529 ","$76,036 ","$23,716 ","$68,934 ","$61,987 "
41,"$42,426 ",,"$79,819 ","$46,778 ","$40,882 ","$35,137 ","$58,533 ","$37,285 ","$28,119 ","$49,416 "
42,"$36,554 ",,"$88,392 ",,"$54,138 ",,"$40,709 ","$27,836 ",,"$41,303 "
45,,,,,,,,"$19,157 ",,
52,,,"$31,735 ",,"$110,079 ","$41,449 ",,"$41,585 ","$43,134 ","$20,843 "
53,"$20,944 ",,,,,,"$15,773 ",,,
54,"$36,815 ",,"$40,183 ","$28,455 ","$31,462 ","$20,253 ","$20,963 ","$24,520 ","$29,174 ","$17,217 "
55,"$14,055 ","$13,477 ","$22,162 ","$18,519 ",,"$19,983 ","$16,674 ","$20,898 ","$14,061 ","$9,440 "
56,"$30,631 ","$11,952 ","$40,192 ","$7,019 ","$37,644 ","$24,190 ","$22,041 ","$31,315 ","$35,510 ","$15,933 "
57,"$30,689 ",,"$41,953 ","$37,895 ","$34,864 ","$18,307 ","$16,175 ","$31,344 ","$23,008 ","$16,334 "
58,"$23,329 ",,"$28,807 ",,"$36,239 ","$20,616 ","$43,654 ","$38,069 ",,"$16,573 "
59,"$22,766 ","$12,174 ","$18,126 ",,"$31,242 ","$11,872 ","$19,072 ","$23,605 ","$18,664 ","$19,968 "
60,"$18,849 ",,"$18,233 ",,"$33,159 ","$18,467 ","$12,496 ","$15,984 ","$24,345 ","$15,365 "
61,"$52,116 ",,"$93,542 ",,"$51,752 ","$62,698 ","$48,792 ","$57,867 ",,
62,"$41,045 ","$50,551 ","$71,170 ",,"$53,444 ","$61,988 ","$46,855 ","$51,434 ","$34,553 ",
63,"$37,966 ",,"$27,821 ",,"$56,558 ","$36,880 ",,,"$34,625 ",
64,"$27,754 ","$17,639 ","$49,998 ","$56,815 ","$35,077 ","$35,524 ","$35,671 ","$32,861 ","$43,912 ","$23,759 "
65,"$22,601 ","$14,030 ","$33,744 ","$9,272 ","$28,452 ","$22,593 ","$24,922 ","$18,138 ","$20,689 ","$21,300 "
66,"$17,008 ","$12,885 ","$27,861 ",,"$19,065 ","$22,615 ","$17,046 ","$16,518 ","$19,063 ","$16,283 "
67,"$33,738 ",,"$38,069 ",,,"$20,311 ","$29,152 ",,"$116,490 ","$18,841 "
68,"$14,122 ","$10,713 ","$26,551 ",,"$25,632 ","$20,072 ","$20,680 ",,"$23,782 ","$13,844 "
69,"$19,134 ","$12,695 ","$15,951 ",,"$23,707 ","$23,203 ","$16,626 ","$15,735 ","$17,432 ","$16,409 "
70,"$22,616 ","$18,462 ","$26,675 ","$9,885 ","$31,172 ","$26,277 ","$38,245 ","$28,220 ","$40,772 ","$25,043 "
71,"$21,775 ","$9,661 ","$21,191 ","$10,930 ","$26,756 ","$24,452 ","$15,075 ","$18,834 ","$20,363 ","$13,977 "
72,"$11,930 ",,"$15,531 ",,"$19,225 ",,"$8,750 ","$35,567 ",,"$10,567 "
73,"$23,227 ","$14,826 ","$25,611 ","$84,703 ","$23,692 ",,"$23,392 ","$31,967 ","$17,836 ","$18,076 "
74,"$22,568 ","$18,533 ","$22,354 ","$27,060 ","$22,288 ","$22,293 ","$16,406 ","$20,086 ","$13,254 ","$15,325 "
75,"$43,699 ",,,,"$32,837 ",,"$29,093 ","$21,666 ","$35,379 ","$22,633 "
76,"$14,919 ","$11,561 ",,,"$14,360 ",,"$15,349 ","$14,932 ","$12,901 ","$14,014 "
77,"$18,843 ","$26,184 ","$22,686 ",,"$44,507 ",,"$38,936 ","$42,896 ",,"$23,246 "
78,"$18,919 ",,"$19,083 ",,,"$16,608 ","$14,361 ","$12,788 ",,"$23,160 "
79,"$8,172 ",,,,,,"$16,261 ",,,
80,,,"$42,772 ","$16,888 ","$63,564 ","$25,665 ","$24,815 ",,"$14,358 ","$19,115 "
81,"$15,318 ",,,,"$33,881 ",,"$9,627 ",,,"$10,380 "
82,"$45,729 ",,"$42,388 ",,,"$33,535 ","$33,522 ","$24,127 ","$47,050 ","$1,458 "
83,"$18,387 ",,"$67,080 ",,,"$28,933 ","$29,170 ","$30,434 ","$33,331 ",
84,"$3,301 ",,"$17,491 ",,,"$21,115 ","$17,739 ","$14,044 ","$22,879 ","$6,172 "
85,"$46,099 ",,"$46,954 ",,"$25,520 ","$47,192 ","$36,081 ","$35,554 ","$57,432 ",
86,"$31,185 ",,"$29,553 ",,"$21,824 ","$34,578 ","$24,559 ","$20,916 ","$27,698 ",
87,"$18,571 ",,"$22,846 ",,"$18,904 ","$28,474 ","$15,300 ","$11,499 ","$19,738 ",
88,"$23,922 ",,"$8,490 ",,,"$51,123 ","$33,607 ","$20,370 ","$33,024 ","$30,401 "
89,"$11,657 ",,"$25,054 ",,"$22,092 ",,"$23,703 ","$12,711 ","$24,622 ",
90,"$10,646 ",,"$15,840 ",,"$25,336 ","$18,489 ","$14,854 ","$18,474 ","$23,404 ",
91,"$20,839 ","$16,852 ","$36,086 ","$17,739 ","$28,108 ","$53,044 ","$31,851 ","$28,298 ","$35,446 ","$22,151 "
92,"$21,668 ","$13,033 ","$26,397 ","$37,705 ","$20,167 ","$14,130 ","$18,253 ","$19,382 ","$18,169 ","$14,892 "
93,"$12,709 ",,"$19,370 ",,"$20,641 ","$13,961 ","$15,382 ","$19,364 ","$18,309 ","$12,564 "
94,"$37,712 ","$21,975 ","$174,468 ","$145,448 ","$120,374 ","$57,432 ","$21,262 ","$63,953 ",,"$91,945 "
95,"$26,364 ","$31,901 ","$26,904 ",,"$62,746 ",,,"$45,637 ","$10,931 ","$40,194 "
96,"$13,794 ",,"$17,891 ",,,,,"$19,361 ",,"$23,359 "
97,"$35,618 ",,"$28,189 ","$33,378 ",,,"$26,310 ","$58,711 ","$13,426 ","$3,683 "
98,"$9,591 ",,"$37,056 ",,,,"$66,913 ","$31,480 ",,
99,,,"$20,286 ",,,,"$17,468 ","$12,634 ",,"$29,047 "
100,"$25,469 ","$14,320 ","$20,439 ","$17,078 ","$27,342 ","$30,651 ","$24,226 ","$20,884 ","$25,733 ","$25,957 "
101,"$15,609 ","$11,836 ","$15,929 ","$21,233 ","$16,709 ","$16,455 ","$14,773 ","$16,285 ","$13,439 ","$13,532 "
102,"$13,323 ","$16,787 ","$9,546 ",,"$26,930 ","$26,305 ","$25,465 ",,"$19,689 ","$16,413 "
103,"$13,777 ","$15,836 ","$16,700 ","$18,215 ","$26,775 ","$20,324 ","$17,768 ","$19,164 ","$14,583 ","$11,595 "
113,,,,,,,"$42,089 ",,,
114,,,,,,,"$16,990 ",,,
115,,,,,,,,,"$53,182 ",
121,"$11,492 ",,"$8,725 ","$21,576 ","$15,054 ",,"$8,070 ","$7,707 ",,"$10,723 "
122,,,,,,,,,"$11,020 ",
123,"$20,521 ","$12,221 ","$29,821 ","$15,872 ",,,,"$8,298 ","$15,564 ","$12,186 "
124,,,"$9,595 ","$7,143 ","$10,975 ",,,"$16,051 ","$54,227 ",
125,"$10,776 ",,"$11,865 ","$11,999 ",,"$10,770 ","$11,119 ","$16,955 ","$13,722 ","$15,030 "
129,,,"$58,772 ","$57,157 ",,,,,,
130,,,,"$51,268 ",,,,,,
131,,,"$28,114 ","$14,373 ",,"$60,788 ","$58,241 ",,"$54,020 ",
132,,,"$53,290 ","$32,247 ",,,"$44,501 ",,"$52,878 ",
133,"$23,871 ",,"$37,046 ","$113,632 ",,,"$16,614 ","$28,134 ","$32,374 ","$24,469 "
134,"$4,265 ",,"$20,261 ",,"$26,338 ","$38,117 ","$14,011 ","$16,298 ",,"$19,796 "
135,,,,,,,,,,"$20,374 "
136,"$26,864 ",,,"$20,599 ",,,,,,"$27,020 "
137,,"$16,501 ","$22,919 ",,,"$11,429 ","$15,326 ",,,"$27,424 "
138,"$11,466 ",,"$14,539 ","$22,573 ",,,"$11,371 ",,,
139,,,,"$22,581 ",,,"$38,686 ","$11,989 ",,
146,,,,,"$53,186 ",,"$47,663 ",,"$24,651 ","$59,164 "
147,"$31,247 ",,"$38,633 ","$9,555 ",,"$19,206 ","$16,871 ",,"$16,678 ","$36,521 "
148,"$10,027 ",,,"$19,334 ","$22,217 ",,"$22,723 ",,,"$3,324 "
149,"$18,583 ",,"$14,759 ",,"$24,431 ","$21,530 ","$13,874 ","$13,812 ","$18,201 ","$12,973 "
150,"$53,396 ",,"$18,270 ",,,"$54,170 ","$22,968 ","$14,049 ",,"$5,096 "
151,"$11,185 ",,"$11,588 ","$13,186 ","$13,655 ","$15,546 ","$9,978 ","$5,554 ","$12,106 ",
152,"$11,161 ",,"$27,119 ","$8,809 ","$11,269 ",,"$10,618 ","$8,446 ",,"$10,242 "
153,"$10,872 ","$12,637 ","$9,484 ","$8,865 ","$13,081 ","$46,845 ","$12,372 ","$8,736 ","$9,102 ","$9,735 "
154,"$24,424 ",,"$20,606 ","$7,842 ","$38,980 ",,"$26,690 ","$13,922 ","$9,671 ","$20,655 "
155,"$22,119 ","$7,266 ","$14,833 ","$19,900 ",,"$22,074 ","$13,056 ","$12,560 ","$17,657 ","$15,385 "
156,"$12,750 ","$11,318 ","$12,477 ","$6,444 ",,,"$9,530 ","$13,165 ",,"$11,963 "
157,"$20,385 ",,"$17,072 ","$76,377 ","$12,769 ",,"$3,082 ","$26,918 ","$32,785 ","$32,283 "
158,"$17,828 ",,"$12,835 ","$13,689 ","$14,977 ","$14,080 ","$14,439 ","$13,377 ","$9,907 ","$13,951 "
159,"$10,514 ",,"$11,117 ","$12,466 ","$23,038 ",,"$7,452 ",,,"$11,720 "
163,"$79,977 ",,"$104,083 ","$118,085 ","$72,126 ","$48,859 ","$99,869 ","$49,097 ","$75,493 ","$52,206 "
164,"$81,738 ",,"$66,323 ","$54,500 ","$77,182 ","$53,058 ","$66,025 ","$43,008 ",,"$47,169 "
165,"$45,726 ",,"$52,569 ","$51,855 ","$68,115 ","$42,390 ","$59,588 ","$35,361 ","$42,992 ","$34,698 "
166,"$83,994 ","$45,906 ","$72,088 ","$89,165 ","$56,125 ","$56,180 ","$68,225 ","$41,055 ","$49,344 ","$44,439 "
167,"$24,497 ","$23,644 ","$45,189 ","$34,221 ","$32,834 ","$27,729 ","$33,375 ","$22,929 ","$45,870 ","$25,480 "
168,"$21,138 ",,"$27,806 ",,"$38,335 ","$28,190 ","$38,376 ","$15,277 ","$13,832 ","$25,971 "
174,,,,,,,,"$39,140 ",,
175,"$36,705 ","$31,425 ","$35,958 ","$28,604 ","$31,041 ","$40,398 ","$36,240 ","$30,295 ","$40,188 ","$19,994 "
176,"$23,048 ","$10,466 ","$19,431 ","$12,012 ","$17,321 ","$26,285 ","$13,356 ","$13,048 ","$17,458 ","$14,403 "
177,"$38,833 ","$23,507 ","$30,696 ","$51,736 ","$37,403 ","$40,120 ","$26,377 ","$25,531 ","$35,728 ","$21,860 "
178,"$31,006 ","$11,659 ","$19,955 ","$15,653 ","$15,925 ","$22,944 ","$17,637 ","$15,613 ","$16,921 ","$15,308 "
179,"$17,446 ",,"$12,213 ",,"$26,897 ","$16,675 ","$13,181 ","$7,244 ","$12,756 ","$9,413 "
180,"$30,955 ","$11,860 ","$32,935 ","$28,798 ","$40,422 ","$37,248 ","$23,787 ","$16,992 ","$36,453 ","$22,695 "
181,"$24,136 ",,"$15,653 ","$19,044 ","$28,505 ","$33,301 ","$22,755 ","$25,116 ","$12,171 ","$15,689 "
182,"$10,090 ",,,,"$8,970 ","$13,035 ","$1,227 ",,"$31,154 ","$11,770 "
183,"$13,350 ",,"$33,523 ",,"$14,354 ","$37,993 ","$29,699 ","$29,251 ","$24,143 ","$18,250 "
184,"$15,171 ",,"$26,028 ",,"$23,468 ","$33,568 ","$18,861 ","$22,381 ","$26,159 ","$15,760 "
185,"$15,820 ",,"$16,422 ",,,,"$17,138 ","$17,596 ","$18,206 ",
186,"$28,175 ","$20,563 ","$24,472 ","$32,855 ","$31,630 ","$26,345 ","$20,683 ","$15,803 ","$22,781 ","$30,211 "
187,"$27,620 ","$11,150 ","$19,576 ","$8,896 ","$20,945 ","$32,360 ","$15,907 ","$13,960 ","$5,855 ","$11,275 "
188,"$7,423 ",,,,,,"$16,303 ",,,
189,"$26,117 ","$20,465 ","$23,250 ","$23,186 ","$26,895 ","$27,758 ","$21,047 ","$21,180 ","$14,898 ","$19,252 "
190,"$25,484 ","$18,668 ","$20,198 ","$17,618 ","$23,670 ","$26,386 ","$18,622 ","$14,380 ","$18,653 ","$16,806 "
191,"$18,618 ","$14,143 ","$17,284 ","$11,740 ","$19,847 ","$22,676 ","$14,975 ","$11,917 ","$12,042 ","$13,924 "
192,"$15,903 ",,"$11,653 ",,"$12,091 ","$13,783 ","$11,655 ","$10,492 ","$13,782 ","$11,376 "
193,"$30,500 ","$22,216 ","$26,833 ","$24,230 ","$28,557 ","$32,172 ","$20,507 ","$18,340 ","$19,699 ","$20,038 "
194,"$16,929 ","$14,312 ","$16,410 ","$13,070 ","$19,920 ","$21,469 ","$13,031 ","$12,302 ","$14,478 ","$14,022 "
195,"$15,448 ","$10,127 ","$12,939 ","$4,195 ","$13,268 ","$21,256 ","$11,414 ","$7,854 ","$11,594 ","$10,703 "
196,"$35,104 ","$64,838 ","$31,817 ","$91,631 ","$34,383 ","$32,826 ","$13,914 ","$17,886 ","$17,958 ","$19,077 "
197,"$31,021 ",,"$20,928 ","$12,759 ",,"$45,861 ","$17,860 ","$9,131 ",,"$9,063 "
198,"$9,906 ",,"$8,273 ",,"$15,385 ","$9,051 ","$25,162 ",,,
199,"$29,763 ",,"$33,895 ","$7,208 ","$25,173 ","$29,597 ","$41,607 ","$25,804 ","$20,970 ","$20,426 "
200,"$17,875 ","$15,543 ","$33,665 ","$11,516 ","$20,726 ","$17,557 ","$24,598 ","$19,155 ","$19,771 ","$13,580 "
201,"$13,328 ","$9,300 ","$10,978 ",,"$14,278 ","$18,241 ","$20,038 ","$9,166 ","$12,843 ","$13,768 "
202,"$16,950 ","$15,531 ","$16,265 ","$15,988 ","$20,830 ","$21,438 ","$13,248 ","$10,648 ","$15,011 ","$12,446 "
203,"$13,919 ","$10,208 ","$13,353 ",,"$9,745 ","$17,999 ","$9,424 ","$6,131 ","$9,426 ","$8,507 "
204,"$18,030 ","$11,024 ","$10,937 ","$16,986 ","$15,774 ","$19,943 ","$18,672 ","$8,676 ","$9,043 ","$15,152 "
205,"$15,947 ","$14,521 ","$43,217 ","$30,977 ","$35,213 ","$26,573 ","$15,565 ","$28,555 ","$29,569 ","$23,544 "
206,"$18,477 ","$5,390 ","$21,901 ","$12,137 ","$20,120 ","$60,338 ","$15,292 ","$12,143 ","$13,482 ","$14,534 "
207,"$131,776 ","$155,516 ","$91,839 ","$105,680 ","$119,634 ","$98,107 ","$95,405 ","$66,703 ","$88,117 ","$62,312 "
208,"$52,837 ","$41,454 ","$47,169 ","$41,905 ","$52,735 ","$52,416 ","$47,957 ","$30,732 ","$44,626 ","$36,212 "
215,"$188,038 ",,"$270,199 ",,,,"$217,219 ","$150,047 ",,"$134,050 "
216,"$160,876 ",,"$282,827 ",,"$258,744 ",,"$213,715 ","$177,268 ",,"$232,169 "
217,"$120,301 ",,,,"$234,707 ",,"$165,354 ","$123,241 ",,
218,"$106,204 ",,,,,,,,,
219,"$128,044 ",,"$222,894 ",,"$239,963 ",,"$154,527 ","$111,816 ",,"$172,341 "
220,"$100,893 ",,"$145,869 ",,"$139,431 ",,"$129,028 ","$84,897 ",,"$123,586 "
221,"$80,545 ",,,,"$115,021 ",,,"$69,649 ",,
222,"$156,050 ",,"$171,797 ",,,,"$282,250 ","$115,879 ",,"$154,196 "
223,,,"$137,159 ",,,,,"$100,620 ",,"$112,659 "
224,"$130,465 ",,"$164,056 ",,"$268,073 ",,"$314,188 ","$166,274 ",,"$95,250 "
225,"$83,717 ",,"$111,750 ",,"$253,120 ",,"$224,996 ","$122,094 ",,"$86,289 "
226,"$116,178 ",,"$129,492 ",,"$188,437 ",,"$188,639 ","$133,286 ",,"$133,559 "
227,"$72,468 ","$83,529 ","$103,901 ",,"$234,650 ",,"$185,656 ","$107,961 ","$99,975 ","$81,985 "
228,"$135,382 ",,"$167,646 ",,"$237,069 ",,"$129,256 ","$78,114 ",,
229,"$78,699 ",,"$67,438 ",,"$142,691 ",,,"$73,504 ",,"$147,251 "
231,"$117,059 ",,"$216,921 ",,"$213,456 ",,,,,"$83,669 "
232,"$111,139 ",,"$146,397 ",,"$222,509 ",,"$151,014 ",,,
233,"$131,385 ",,"$186,422 ",,"$192,281 ",,"$163,096 ","$93,868 ",,"$178,003 "
234,"$95,726 ",,"$138,492 ",,"$170,641 ",,"$145,424 ","$80,854 ",,"$118,084 "
235,"$86,429 ",,"$141,973 ",,"$107,557 ",,"$125,258 ","$84,383 ",,"$117,921 "
236,"$75,852 ",,"$106,825 ",,"$118,778 ",,"$116,653 ","$53,688 ",,"$99,106 "
239,"$73,457 ","$43,301 ","$96,486 ",,"$44,088 ","$84,033 ","$74,218 ","$83,599 ","$89,591 ","$18,451 "
240,"$38,448 ","$59,782 ","$67,304 ",,"$17,031 ",,"$53,387 ","$41,645 ","$196,034 ","$35,637 "
241,"$18,648 ",,"$27,561 ",,,,"$64,998 ","$11,900 ",,"$112,491 "
242,"$71,865 ","$50,235 ","$75,572 ",,"$86,377 ","$73,641 ","$84,250 ","$56,239 ","$71,814 ","$59,772 "
243,"$46,221 ","$51,416 ","$57,451 ",,"$66,625 ","$41,786 ","$62,104 ","$45,548 ","$55,771 ","$45,328 "
244,"$39,954 ","$42,125 ","$48,381 ",,"$54,545 ","$39,499 ","$64,608 ","$40,148 ",,"$39,855 "
245,"$109,000 ",,"$187,641 ",,,,"$187,809 ","$70,452 ",,"$106,814 "
246,"$84,982 ",,"$128,897 ",,"$82,594 ",,"$87,045 ","$62,207 ",,"$58,931 "
247,"$67,300 ",,"$99,920 ",,"$48,743 ",,"$58,069 ","$42,698 ",,"$43,702 "
248,"$80,092 ",,"$102,728 ",,,,"$68,386 ","$40,144 ",,"$57,611 "
249,"$62,635 ",,"$88,106 ",,,,"$47,475 ","$36,561 ",,"$36,144 "
250,"$72,608 ",,"$75,920 ",,"$59,583 ",,"$51,655 ","$41,518 ",,"$38,996 "
251,"$44,519 ",,"$66,121 ",,"$36,027 ",,"$40,733 ","$34,276 ",,"$44,143 "
252,"$75,014 ",,"$109,202 ","$58,512 ","$77,841 ","$93,646 ","$63,385 ","$45,156 ","$72,238 ","$53,692 "
253,"$47,813 ","$43,523 ","$87,701 ","$37,911 ","$68,065 ","$62,263 ","$69,896 ","$46,143 ","$32,136 ","$48,272 "
254,"$36,971 ",,"$50,040 ",,"$60,173 ","$84,960 ","$44,671 ","$34,698 ","$25,305 ","$39,173 "
255,"$24,390 ",,"$41,270 ",,"$49,256 ","$32,952 ","$40,586 ","$24,171 ","$37,108 ","$29,523 "
256,"$18,562 ",,"$33,847 ",,,"$41,705 ","$34,255 ","$20,588 ",,"$32,850 "
257,"$10,103 ",,,,,,,,,
258,,,"$57,839 ",,,"$62,690 ",,"$41,727 ",,"$35,459 "
259,"$31,310 ","$52,383 ","$67,218 ",,,,,,,"$40,404 "
260,"$49,374 ",,"$92,523 ",,"$45,114 ",,"$46,550 ","$44,610 ",,"$40,510 "
261,"$37,191 ","$10,672 ","$59,182 ",,"$69,269 ","$54,282 ","$9,281 ","$42,194 ",,"$46,122 "
262,"$36,347 ",,"$64,760 ",,"$46,234 ","$25,460 ","$33,053 ","$26,530 ","$67,849 ","$43,648 "
263,"$37,445 ",,,,,,"$31,278 ","$49,168 ",,
264,"$59,244 ","$31,437 ","$64,702 ","$98,849 ","$77,514 ","$51,865 ","$66,639 ","$74,829 ","$59,815 ","$38,689 "
265,"$76,249 ",,"$71,492 ",,,,"$72,797 ","$22,364 ",,"$66,463 "
266,"$108,220 ",,"$183,170 ",,,,"$99,708 ","$118,655 ",,
267,"$115,847 ",,"$169,038 ",,,,"$105,385 ","$93,452 ",,
268,"$184,699 ",,"$149,199 ",,"$100,592 ",,"$171,195 ","$97,929 ",,"$167,069 "
269,"$51,657 ","$57,648 ","$102,929 ",,"$80,744 ",,"$116,519 ","$67,679 ",,"$77,833 "
270,"$89,984 ","$64,364 ","$128,726 ",,"$109,999 ","$60,941 ","$103,387 ","$82,191 ","$121,395 ","$115,850 "
271,"$59,304 ","$69,983 ","$106,298 ","$32,988 ","$71,808 ","$70,012 ","$95,186 ","$53,811 ","$99,765 ","$69,851 "
272,"$45,418 ","$75,298 ","$95,726 ",,"$68,365 ","$99,405 ","$85,630 ","$65,156 ",,"$38,336 "
273,"$77,763 ",,"$133,929 ",,"$123,659 ",,"$70,055 ","$59,897 ",,"$87,447 "
274,"$57,405 ",,"$73,019 ","$24,973 ","$43,297 ",,"$53,675 ","$58,460 ",,"$74,177 "
280,"$34,727 ","$21,981 ","$36,168 ","$24,210 ","$42,460 ","$27,841 ","$24,925 ","$31,016 ","$26,837 ","$28,186 "
281,"$27,830 ","$13,684 ","$25,445 ","$12,365 ","$26,524 ","$16,241 ","$17,443 ","$21,011 ","$17,230 ","$20,361 "
282,"$22,166 ","$8,124 ","$23,818 ","$13,356 ","$22,785 ","$15,352 ","$15,699 ","$19,668 ","$13,249 ","$17,059 "
283,"$25,337 ","$13,006 ","$40,070 ","$6,543 ","$10,948 ","$26,506 ","$33,374 ","$29,944 ","$40,662 ","$21,045 "
284,"$13,159 ",,"$7,103 ",,"$14,894 ","$8,119 ","$10,516 ","$11,468 ",,
285,"$21,068 ",,"$4,611 ",,,,,,,
286,"$47,098 ",,"$49,521 ","$26,706 ","$52,987 ",,"$46,631 ","$35,371 ","$28,686 ","$27,654 "
287,"$29,824 ",,"$31,756 ","$26,406 ","$32,586 ",,"$23,066 ","$23,009 ","$20,709 ","$21,882 "
288,"$40,643 ",,,,,"$64,955 ","$69,316 ","$55,387 ",,"$10,030 "
289,"$23,206 ",,,,"$13,007 ","$32,927 ","$41,467 ","$25,318 ","$42,283 ",
291,"$26,241 ","$21,053 ","$25,933 ","$28,281 ","$28,643 ","$29,605 ","$21,420 ","$21,414 ","$21,389 ","$23,148 "
292,"$19,598 ","$12,573 ","$15,947 ","$15,373 ","$19,107 ","$21,602 ","$13,165 ","$13,498 ","$11,877 ","$15,334 "
293,"$15,719 ","$9,327 ","$12,929 ",,"$14,324 ","$19,253 ","$10,663 ","$8,445 ","$8,840 ","$11,905 "
294,,,,,,,,,"$24,882 ",
296,"$16,590 ",,"$23,642 ",,"$25,785 ","$11,835 ","$21,573 ",,,"$33,129 "
297,,,"$8,443 ",,"$9,170 ",,,,,
298,,,"$2,762 ",,,,,,,
299,"$21,394 ","$12,813 ","$22,447 ","$29,927 ","$25,573 ","$18,783 ","$24,002 ","$8,710 ","$15,662 ","$18,073 "
300,"$15,204 ","$22,190 ","$20,196 ","$18,605 ","$17,198 ","$14,840 ","$17,043 ","$21,839 ","$12,472 ","$12,491 "
301,"$13,635 ","$8,730 ","$11,050 ",,"$14,056 ","$9,728 ","$12,651 ","$21,168 ","$8,663 ","$9,103 "
302,"$21,307 ",,"$17,067 ",,"$18,130 ","$25,166 ","$8,201 ","$45,845 ","$17,803 ","$12,328 "
303,"$13,076 ","$8,045 ","$14,835 ",,"$21,958 ","$16,253 ","$12,251 ","$11,690 ","$16,485 ","$11,508 "
304,"$22,601 ","$15,137 ","$22,617 ","$24,968 ","$27,026 ","$22,129 ","$19,187 ","$15,323 ","$19,520 ","$19,550 "
305,"$16,484 ","$14,446 ","$13,813 ",,"$19,600 ","$15,034 ","$12,631 ","$14,906 ","$12,456 ","$11,598 "
306,"$39,015 ",,"$26,687 ",,"$15,482 ","$46,438 ","$48,091 ","$12,275 ","$10,807 ","$21,796 "
307,"$13,783 ",,"$21,630 ",,"$14,368 ","$10,478 ","$22,760 ","$21,452 ","$23,259 ","$12,928 "
308,"$27,876 ","$16,392 ","$21,745 ","$38,255 ","$28,898 ","$25,233 ","$19,034 ","$18,333 ","$26,863 ","$18,409 "
309,"$16,630 ","$10,881 ","$16,834 ","$13,175 ","$18,127 ","$18,713 ","$13,357 ","$13,848 ","$14,644 ","$14,128 "
310,"$12,441 ","$8,862 ","$13,227 ","$15,606 ","$14,034 ","$15,933 ","$9,866 ","$8,755 ","$11,299 ","$11,292 "
311,"$10,659 ","$8,574 ","$12,867 ",,"$28,689 ","$19,888 ","$16,780 ",,"$9,172 ","$15,328 "
312,"$18,324 ","$14,136 ","$16,166 ","$14,419 ","$20,333 ","$25,731 ","$15,328 ","$14,735 ","$15,017 ","$14,551 "
313,"$15,612 ","$11,983 ","$13,765 ","$10,513 ","$12,199 ","$22,855 ","$11,408 ","$11,993 ","$14,528 ","$11,366 "
314,"$30,655 ","$12,879 ","$45,651 ","$32,038 ","$50,315 ","$36,189 ","$35,491 ","$25,378 ","$38,760 ","$30,613 "
315,"$19,567 ","$14,844 ","$28,079 ","$18,813 ","$22,496 ","$34,255 ","$17,955 ","$15,531 ","$13,282 ","$16,397 "
316,"$10,099 ","$13,426 ","$14,338 ","$45,787 ","$14,546 ",,"$13,827 ","$11,648 ",,"$9,214 "
326,"$83,662 ","$77,868 ","$105,161 ","$71,360 ","$117,093 ","$95,972 ","$98,583 ","$75,493 ","$39,327 ","$60,190 "
327,"$42,590 ","$55,683 ","$64,712 ","$49,740 ","$41,030 ","$44,300 ","$49,758 ","$31,392 ","$56,962 ","$35,996 "
328,"$29,639 ","$34,533 ","$40,209 ","$24,349 ","$49,728 ","$57,169 ","$31,731 ","$28,400 ","$30,206 ","$22,804 "
329,"$111,649 ","$79,235 ","$111,949 ","$73,596 ","$64,534 ","$72,258 ","$93,877 ","$76,027 ","$84,372 ","$69,472 "
330,"$51,874 ","$37,389 ","$55,811 ","$37,835 ","$48,393 ","$48,297 ","$51,641 ","$44,318 ","$40,815 ","$44,498 "
331,"$36,472 ","$36,205 ","$38,919 ","$34,417 ","$32,561 ","$24,064 ","$38,341 ","$25,110 ","$25,707 ","$38,577 "
332,"$139,472 ",,,,,,,,,
333,,,"$40,326 ","$34,610 ",,,,,,
334,,,"$27,355 ",,,,,,,
335,"$75,016 ",,"$132,365 ","$84,270 ","$43,079 ","$53,630 ","$44,444 ","$58,622 ","$63,174 ","$39,866 "
336,"$42,067 ",,"$46,772 ","$33,973 ","$64,712 ","$33,447 ","$44,253 ","$30,438 ","$40,023 ","$41,034 "
337,"$42,409 ","$37,853 ","$51,880 ","$22,867 ","$29,767 ","$29,507 ","$40,428 ","$34,284 ","$23,709 ","$25,160 "
338,,,"$32,229 ",,,,,"$29,500 ","$31,668 ","$33,790 "
339,"$28,090 ","$33,225 ","$31,490 ",,,"$24,271 ","$34,835 ","$28,965 ","$41,635 ","$32,107 "
340,"$27,499 ","$35,167 ","$27,407 ",,"$35,037 ","$25,002 ","$28,839 ","$22,053 ",,"$23,803 "
341,"$26,513 ",,,,,"$35,597 ",,,"$21,659 ","$35,766 "
342,"$28,106 ","$24,960 ","$40,643 ",,,"$29,611 ","$25,862 ","$33,154 ","$22,014 ","$23,302 "
343,"$22,155 ","$33,547 ","$22,075 ","$11,736 ","$24,034 ","$17,187 ","$24,396 ","$18,321 ","$19,930 ","$18,724 "
344,,"$20,328 ","$41,867 ",,"$21,560 ",,"$40,330 ","$17,598 ","$39,845 ","$45,164 "
345,"$29,387 ",,"$33,478 ","$27,394 ",,"$38,697 ","$39,077 ","$18,785 ",,"$27,558 "
346,"$28,281 ",,"$28,830 ",,,,"$32,899 ","$19,552 ","$14,977 ",
347,,,"$71,005 ",,"$27,169 ","$36,829 ","$32,540 ",,"$44,506 ",
348,"$31,264 ",,"$33,091 ",,"$34,426 ",,"$18,896 ","$10,084 ","$18,079 ","$20,406 "
349,"$11,210 ",,"$16,435 ","$9,759 ",,"$19,793 ",,"$11,954 ","$10,752 ",
350,,,"$63,727 ",,,"$36,243 ","$38,253 ",,,"$35,238 "
351,"$44,678 ","$29,811 ","$24,349 ",,"$21,416 ","$40,300 ","$34,806 ","$16,784 ",,"$18,117 "
352,,"$20,911 ","$19,739 ",,"$27,465 ",,"$24,886 ",,"$17,313 ","$22,866 "
353,"$34,998 ","$71,005 ","$73,385 ","$34,419 ",,"$40,906 ","$55,708 ","$26,976 ",,"$24,498 "
354,"$41,097 ","$16,468 ","$34,475 ",,"$27,039 ","$33,377 ","$33,150 ","$21,300 ","$25,402 ","$26,720 "
355,"$16,890 ","$20,446 ","$24,991 ",,"$33,082 ","$29,424 ","$30,512 ","$19,345 ","$22,056 ","$23,670 "
356,"$36,589 ","$53,894 ","$92,037 ","$106,953 ","$26,878 ","$98,018 ","$62,393 ","$53,268 ","$62,909 ","$31,670 "
357,"$29,890 ","$18,451 ","$50,298 ","$26,867 ","$35,093 ","$50,404 ","$40,390 ","$41,401 ",,"$29,182 "
358,,"$18,441 ",,"$36,089 ","$31,380 ","$23,185 ","$33,570 ","$27,538 ",,
364,,,,,,,,"$15,913 ",,
368,"$81,453 ",,"$41,192 ","$17,978 ","$22,934 ",,"$29,400 ","$18,473 ",,"$11,311 "
369,"$24,899 ","$14,350 ","$16,531 ","$15,416 ","$21,710 ","$33,655 ","$26,069 ","$12,631 ","$19,571 ","$15,876 "
370,,,"$17,963 ",,,"$16,533 ",,"$16,214 ",,"$16,948 "
371,"$30,075 ","$14,204 ","$37,660 ","$37,831 ","$26,868 ","$34,396 ","$30,960 ","$27,387 ","$25,639 ","$24,397 "
372,"$19,236 ","$21,925 ","$19,896 ","$39,574 ","$28,196 ","$20,599 ","$19,246 ","$21,063 ","$15,953 ","$16,983 "
373,"$12,277 ","$5,827 ","$13,642 ",,"$16,082 ","$15,976 ","$11,041 ","$13,750 ",,"$13,935 "
374,"$36,862 ",,"$57,547 ","$44,343 ","$48,520 ","$22,999 ","$33,870 ","$24,809 ","$21,695 ","$29,193 "
375,"$23,264 ","$15,735 ","$28,906 ","$24,702 ","$28,031 ","$17,365 ","$27,757 ","$18,847 ","$22,294 ","$18,151 "
376,"$34,275 ",,"$10,428 ","$25,976 ",,,"$26,740 ",,,"$18,515 "
377,"$37,862 ","$19,534 ","$38,883 ","$29,822 ","$43,241 ","$37,867 ","$32,228 ","$25,151 ","$35,817 ","$25,386 "
378,"$22,725 ","$17,055 ","$24,156 ","$16,450 ","$22,275 ","$25,032 ","$17,175 ","$15,338 ","$21,209 ","$16,079 "
379,"$14,610 ","$10,731 ","$11,993 ",,"$14,560 ","$19,946 ","$9,635 ","$9,825 ","$6,634 ","$11,542 "
380,"$42,786 ","$9,620 ","$42,270 ","$138,373 ","$33,576 ","$46,627 ","$36,744 ","$12,088 ",,"$48,068 "
381,"$23,033 ","$18,160 ","$21,832 ",,"$24,053 ","$32,407 ","$17,214 ","$14,189 ","$16,870 ","$14,553 "
382,"$19,405 ","$7,595 ","$18,151 ",,"$17,702 ","$10,429 ","$16,154 ","$5,413 ","$10,068 ","$10,073 "
383,"$48,810 ","$18,568 ","$25,983 ",,,,"$17,447 ",,"$11,707 ","$41,075 "
384,"$21,289 ","$11,249 ","$15,177 ","$7,479 ","$17,066 ","$16,002 ","$17,580 ","$10,191 ","$11,351 ","$15,566 "
385,"$20,939 ","$22,865 ","$23,843 ","$25,653 ","$42,915 ","$21,839 ","$36,432 ","$9,675 ","$29,913 ","$21,631 "
386,"$18,334 ","$16,821 ","$17,644 ",,"$19,747 ","$14,370 ","$18,216 ","$15,878 ","$13,716 ","$12,320 "
387,"$14,983 ","$16,235 ","$15,845 ",,"$10,409 ","$19,895 ","$12,734 ","$14,026 ","$6,673 ","$15,800 "
388,"$31,047 ","$14,265 ","$27,093 ","$30,260 ","$28,405 ","$31,552 ","$17,008 ","$19,706 ","$21,107 ","$23,310 "
389,"$15,401 ","$14,873 ","$13,836 ","$20,294 ","$23,618 ","$14,675 ","$11,423 ","$15,207 ","$15,336 ","$14,428 "
390,"$14,154 ","$8,345 ","$13,795 ","$9,172 ","$15,152 ","$10,504 ","$7,454 ","$12,213 ","$16,400 ","$12,107 "
391,"$25,506 ","$16,045 ","$24,792 ","$24,365 ","$31,026 ","$25,881 ","$22,410 ","$20,762 ","$21,136 ","$18,545 "
392,"$15,439 ","$13,191 ","$16,224 ","$14,938 ","$18,798 ","$14,628 ","$12,265 ","$13,637 ","$12,451 ","$14,057 "
393,"$26,978 ","$30,821 ","$28,656 ","$22,267 ","$35,623 ","$33,376 ","$29,605 ","$25,897 ","$23,243 ","$21,334 "
394,"$18,892 ","$4,958 ","$20,211 ","$15,325 ","$19,197 ","$20,660 ","$15,377 ","$15,340 ","$17,334 ","$15,861 "
395,"$17,335 ","$12,067 ","$13,140 ","$1,754 ","$22,172 ","$14,361 ","$11,302 ","$17,548 ","$12,492 ","$14,692 "
405,,,"$141,481 ","$100,926 ","$35,154 ",,,,"$57,298 ",
406,"$48,427 ",,"$84,784 ","$53,234 ",,,,"$26,796 ",,
407,,,"$64,060 ",,,,,,,
408,,,"$107,955 ",,,,,,,
409,,,"$88,189 ",,,"$39,192 ",,,,
410,"$31,900 ",,,"$57,695 ",,,,"$28,803 ",,
411,,,"$85,005 ",,,,,"$42,906 ",,
412,,,"$35,681 ",,,,,,,
413,,,"$33,451 ",,"$32,315 ",,,"$36,401 ",,
414,,,,"$16,130 ","$65,818 ","$145,615 ","$68,874 ","$28,937 ","$40,655 ","$51,241 "
415,,,"$51,861 ","$28,260 ","$50,972 ","$50,405 ","$44,868 ","$21,919 ","$36,100 ","$32,812 "
416,"$36,264 ",,"$20,388 ","$28,016 ","$21,302 ","$37,681 ","$34,843 ","$31,891 ","$24,594 ","$23,967 "
417,"$46,601 ","$34,392 ","$43,692 ",,"$42,370 ","$69,268 ","$56,374 ","$33,693 ","$33,502 ","$37,161 "
418,"$39,698 ","$31,871 ","$33,560 ","$30,041 ","$32,477 ","$36,102 ","$38,685 ","$23,152 ","$33,341 ","$27,095 "
419,"$28,903 ","$23,461 ","$29,933 ",,"$24,995 ","$32,554 ","$37,258 ","$19,209 ","$22,925 ","$21,809 "
420,"$64,241 ",,"$76,893 ",,,,"$63,295 ","$143,518 ",,"$55,957 "
421,,,"$79,417 ","$30,980 ","$19,833 ",,"$56,212 ","$36,717 ","$19,216 ","$36,048 "
422,,,"$37,277 ","$19,276 ",,,,,,
423,,,"$48,324 ",,"$80,451 ",,,,"$101,755 ",
424,,,"$46,165 ",,,,,,,
425,,,"$19,990 ","$20,642 ",,,,,,
432,"$31,343 ","$38,228 ","$38,898 ","$11,045 ","$49,058 ","$42,741 ","$32,529 ","$24,752 ","$23,801 ","$23,551 "
433,"$15,869 ","$12,692 ","$20,222 ",,"$23,990 ","$17,772 ","$13,497 ","$15,902 ","$16,618 ","$14,943 "
434,"$26,114 ",,"$15,396 ",,"$15,887 ",,"$8,212 ","$6,805 ","$16,078 ",
435,"$30,415 ","$27,016 ","$38,876 ","$17,875 ","$38,480 ","$25,540 ","$39,390 ","$18,458 ","$27,026 ","$22,185 "
436,"$18,569 ","$19,038 ","$23,405 ","$22,621 ","$24,053 ","$14,174 ","$13,415 ","$17,598 ","$11,610 ","$16,419 "
437,"$13,662 ",,,"$26,692 ",,"$1,863 ","$15,966 ",,,"$19,627 "
438,"$29,606 ","$25,550 ","$25,458 ","$19,995 ","$31,785 ","$30,287 ","$30,727 ","$26,927 ","$24,832 ","$33,455 "
439,"$18,906 ","$14,111 ","$18,079 ","$8,194 ","$20,228 ","$22,332 ","$14,015 ","$14,832 ","$15,668 ","$13,737 "
440,"$15,227 ","$12,207 ","$12,510 ",,"$15,292 ","$14,076 ","$11,220 ","$12,408 ","$12,309 ","$12,375 "
441,"$31,324 ","$24,706 ","$33,866 ","$28,755 ","$29,806 ","$45,600 ","$22,440 ","$25,515 ","$34,838 ","$17,368 "
442,"$17,380 ","$8,665 ","$19,455 ","$18,734 ","$18,980 ","$23,566 ","$12,845 ","$16,078 ","$12,359 ","$15,048 "
443,"$12,515 ",,"$12,250 ",,"$18,555 ","$13,979 ","$9,853 ","$10,008 ","$13,770 ","$10,442 "
444,"$32,376 ","$25,068 ","$41,906 ","$30,866 ","$22,243 ","$41,749 ","$31,035 ","$22,770 ","$27,088 ","$27,893 "
445,"$22,845 ","$17,375 ","$27,763 ","$24,553 ","$33,029 ","$24,482 ","$19,979 ","$17,043 ","$16,311 ","$16,709 "
446,"$17,748 ","$14,307 ","$28,228 ",,"$26,458 ","$14,433 ","$16,044 ","$12,143 ","$13,111 ","$13,839 "
453,"$151,005 ",,"$266,901 ","$115,824 ",,"$119,908 ","$169,391 ","$80,490 ",,
454,"$112,320 ",,"$106,474 ",,"$127,092 ",,"$92,459 ","$74,827 ",,"$102,112 "
455,"$93,852 ",,"$92,510 ",,"$64,965 ",,"$83,520 ","$61,491 ","$48,626 ","$90,249 "
456,,,"$145,163 ",,,,,"$58,063 ",,
457,"$133,423 ",,,"$127,532 ","$89,064 ",,"$106,118 ",,,
458,"$51,119 ",,,,"$117,455 ",,"$149,219 ",,,"$100,151 "
459,"$55,716 ",,"$134,807 ",,,"$94,647 ","$129,931 ","$82,247 ","$158,492 ",
460,"$52,280 ",,"$88,978 ",,"$52,882 ","$49,349 ","$88,211 ","$62,335 ","$41,303 ","$89,387 "
462,,"$50,035 ",,,"$49,185 ","$93,277 ","$57,709 ",,"$58,775 ","$60,256 "
463,"$120,695 ","$63,185 ","$89,640 ",,"$74,130 ","$88,716 ","$57,290 ","$92,040 ","$75,403 ","$65,409 "
464,"$37,821 ","$78,268 ","$62,863 ","$78,911 ","$48,650 ","$71,042 ","$50,815 ","$41,710 ","$25,605 ","$38,635 "
465,"$25,336 ",,"$44,980 ",,"$31,069 ","$42,474 ","$41,314 ","$23,707 ",,"$27,942 "
466,"$94,930 ",,"$102,699 ",,"$54,398 ","$67,477 ","$89,013 ","$56,953 ",,
467,"$64,551 ","$39,444 ","$88,658 ",,"$42,722 ","$89,293 ","$74,652 ","$53,422 ","$47,491 ","$65,650 "
468,"$44,163 ",,"$61,100 ",,"$41,182 ","$99,533 ","$62,081 ","$39,574 ","$46,143 ","$74,995 "
469,"$68,253 ","$39,460 ","$82,491 ",,"$57,713 ","$57,768 ","$57,632 ","$39,106 ","$52,522 ","$46,638 "
470,"$44,587 ","$32,956 ","$59,879 ",,"$29,050 ","$43,530 ","$40,101 ","$30,817 ","$33,867 ","$34,843 "
471,"$61,468 ",,"$77,647 ",,,,"$102,938 ","$61,400 ","$49,436 ",
472,"$61,250 ",,"$47,435 ","$54,803 ","$43,334 ","$26,552 ","$70,714 ","$45,618 ","$62,183 ","$34,493 "
473,"$44,883 ",,"$48,693 ",,"$59,206 ","$40,334 ","$52,838 ","$32,771 ","$36,905 ","$33,091 "
474,"$24,957 ",,"$80,659 ",,"$61,386 ","$58,843 ","$107,337 ","$27,344 ","$34,838 ",
475,"$32,586 ",,"$35,838 ",,"$21,657 ","$46,891 ","$39,306 ","$44,810 ","$28,662 ",
476,"$18,502 ",,"$90,337 ",,"$21,306 ",,"$55,671 ","$24,281 ",,
477,"$74,507 ",,,"$44,471 ","$67,974 ",,"$77,187 ","$76,388 ",,"$70,228 "
478,"$54,184 ","$33,420 ","$52,034 ","$46,132 ","$49,598 ","$37,000 ","$57,460 ","$32,474 ",,"$36,867 "
479,"$45,221 ",,"$45,981 ","$66,211 ",,,"$35,265 ","$28,213 ",,
480,"$47,603 ","$37,270 ","$61,584 ",,"$58,504 ","$55,344 ","$60,448 ","$52,106 ","$40,191 ","$44,450 "
481,"$38,879 ","$32,228 ","$45,907 ",,"$41,011 ","$43,350 ","$49,438 ","$32,393 ","$39,599 ","$32,654 "
482,"$30,931 ","$26,506 ","$38,215 ",,"$29,365 ","$34,351 ","$40,520 ","$22,965 ","$40,048 ","$27,605 "
483,"$41,233 ","$34,065 ","$58,029 ",,"$41,258 ","$55,811 ","$48,038 ","$35,519 ","$36,750 ","$41,429 "
485,"$47,893 ","$48,391 ","$55,828 ",,"$49,208 ","$43,572 ","$50,537 ",,"$51,686 ","$34,809 "
486,"$30,568 ","$33,618 ","$53,759 ",,"$33,624 ","$38,137 ","$40,963 ","$45,669 ","$56,323 ",
487,,,,,"$13,411 ",,,"$18,625 ",,
488,"$42,731 ",,"$30,218 ",,"$28,486 ",,"$50,519 ","$97,641 ","$48,515 ","$20,889 "
489,"$25,451 ",,"$36,234 ",,"$21,816 ","$20,966 ","$22,183 ","$16,855 ",,"$17,933 "
492,"$59,134 ","$43,789 ","$55,581 ",,"$41,369 ","$46,461 ","$67,833 ","$37,565 ","$47,761 ","$34,486 "
493,"$39,953 ","$47,157 ","$45,721 ","$30,326 ","$43,022 ","$41,534 ","$57,672 ","$30,718 ","$46,854 ","$35,144 "
494,"$32,299 ","$26,470 ","$40,386 ",,"$26,310 ","$34,471 ","$48,515 ","$27,421 ","$41,004 ","$28,386 "
495,,,,,"$54,079 ",,,,,
496,"$23,905 ",,"$41,717 ",,"$34,969 ","$37,322 ","$21,300 ","$33,616 ","$42,469 ",
497,,,"$24,417 ",,,,,"$18,453 ",,
498,"$86,832 ",,,,,"$65,028 ",,,,
500,"$47,447 ","$23,853 ","$102,656 ",,"$81,149 ",,"$37,265 ","$85,822 ","$59,865 ",
501,"$32,431 ","$35,422 ","$37,124 ","$77,751 ","$29,051 ","$18,827 ","$31,748 ","$25,037 ","$24,433 ","$28,232 "
502,"$21,747 ","$30,919 ","$31,718 ","$19,771 ","$28,622 ",,"$28,587 ","$14,524 ","$25,281 ","$20,371 "
503,,,"$70,948 ",,,"$70,765 ","$108,308 ",,,
504,"$39,131 ",,"$32,256 ",,"$50,326 ",,"$49,160 ","$25,729 ",,"$20,436 "
505,"$18,610 ",,,,"$22,427 ",,"$38,792 ",,,"$24,053 "
506,,,"$5,618 ",,"$7,046 ",,,,,
507,"$40,483 ",,,,"$49,005 ",,"$29,220 ",,,
509,,,,,,,,"$21,159 ",,
510,"$35,720 ",,"$34,789 ",,"$41,324 ",,"$46,813 ","$26,426 ","$67,596 ",
511,"$36,423 ",,"$56,105 ",,"$42,946 ",,"$47,723 ","$36,828 ","$16,793 ","$25,028 "
512,"$27,956 ",,"$52,410 ",,,,"$44,964 ",,"$32,397 ","$22,109 "
513,"$30,481 ",,"$23,580 ",,"$29,709 ",,"$45,115 ","$18,852 ","$86,131 ","$22,247 "
514,"$22,646 ","$15,387 ","$18,565 ",,"$32,483 ","$13,720 ","$23,775 ","$14,391 ","$34,273 ",
515,"$58,824 ","$20,788 ","$108,219 ","$139,397 ","$88,724 ","$15,627 ","$62,385 ","$43,299 ","$42,185 ",
516,"$39,296 ","$31,592 ","$57,963 ","$36,026 ","$46,416 ","$41,097 ","$52,184 ","$33,579 ","$57,987 ","$20,329 "
517,"$31,389 ",,"$33,455 ",,"$23,343 ","$34,756 ","$41,225 ","$18,779 ","$33,833 ","$30,082 "
518,"$49,181 ",,"$43,275 ",,"$69,532 ",,"$60,611 ","$67,191 ","$49,910 ","$50,155 "
519,"$42,515 ",,"$51,432 ",,"$29,795 ","$76,559 ","$42,584 ","$24,950 ","$28,077 ","$23,947 "
520,"$29,933 ",,"$33,860 ",,"$25,737 ",,"$29,381 ","$18,622 ",,"$47,888 "
533,"$15,729 ","$9,156 ",,,,,,"$40,501 ","$140,219 ",
534,"$14,206 ",,"$25,980 ",,,"$16,672 ","$14,272 ","$11,534 ",,"$11,068 "
535,"$22,376 ","$18,971 ","$24,287 ",,"$30,163 ","$24,271 ","$21,822 ","$11,385 ","$21,250 ","$18,802 "
536,"$12,278 ","$8,918 ","$17,867 ",,"$16,313 ","$12,139 ","$16,143 ","$11,425 ","$16,514 ","$9,632 "
537,,,,,,,"$11,616 ","$43,082 ",,"$4,921 "
538,"$13,614 ",,,,,,,"$2,653 ",,
539,"$34,225 ",,"$40,196 ","$5,625 ","$70,265 ","$58,989 ","$25,263 ","$60,028 ","$16,434 ","$5,104 "
540,"$42,095 ","$8,236 ","$32,743 ",,"$11,232 ","$21,354 ","$20,674 ","$12,125 ","$7,523 ","$16,204 "
541,,,"$21,103 ",,"$10,838 ","$15,656 ","$12,524 ","$1,837 ","$51,134 ","$16,176 "
542,"$18,597 ","$33,630 ","$30,246 ","$38,637 ","$35,593 ","$29,096 ","$19,969 ","$54,710 ","$34,193 ","$19,830 "
543,"$18,920 ","$15,303 ","$24,427 ","$31,021 ","$17,684 ","$15,898 ","$24,013 ","$18,241 ","$22,460 ","$17,335 "
544,"$6,539 ","$4,063 ","$16,015 ",,"$16,447 ","$17,185 ","$7,358 ","$20,582 ","$29,603 ","$21,824 "
545,"$55,330 ",,"$32,848 ","$30,621 ","$53,809 ","$40,924 ","$38,428 ","$29,154 ",,"$32,120 "
546,"$17,599 ",,"$16,854 ",,"$16,221 ","$22,706 ","$12,826 ","$15,518 ","$33,411 ","$18,176 "
547,"$11,652 ",,"$29,623 ",,"$16,033 ",,"$10,347 ","$11,155 ",,"$9,827 "
548,,,,"$76,627 ",,"$1,812 ",,,"$27,591 ","$16,979 "
549,"$31,883 ","$25,807 ","$19,149 ",,"$21,535 ","$21,359 ","$9,672 ","$28,590 ","$14,285 ","$13,754 "
550,"$6,563 ",,,,,"$29,321 ",,,"$11,988 ",
551,"$35,349 ","$8,741 ","$26,246 ","$20,965 ","$42,382 ","$24,544 ","$23,720 ","$21,675 ","$24,150 ","$22,431 "
552,"$18,300 ","$16,466 ","$18,447 ","$12,245 ","$24,421 ","$21,142 ","$17,593 ","$18,252 ","$21,015 ","$14,835 "
553,"$34,542 ",,"$17,069 ","$3,408 ","$26,551 ",,"$17,340 ","$19,458 ",,"$19,381 "
554,"$12,536 ",,"$13,672 ","$22,201 ","$18,503 ","$14,362 ","$13,461 ","$11,941 ","$11,831 ","$11,089 "
555,"$28,511 ","$85,727 ","$31,770 ","$19,976 ","$26,918 ","$32,551 ","$23,124 ","$16,496 ","$13,019 ","$6,431 "
556,"$12,234 ","$17,645 ","$18,796 ","$4,760 ","$23,351 ","$21,881 ","$14,552 ","$14,563 ","$11,153 ","$10,924 "
557,"$39,823 ",,"$26,050 ","$103,479 ","$18,393 ","$27,864 ","$23,618 ","$33,088 ","$22,544 ","$25,068 "
558,"$21,493 ","$30,163 ","$12,324 ","$13,537 ","$20,092 ","$18,920 ","$10,332 ","$9,644 ","$13,495 ","$12,845 "
559,"$44,696 ",,"$49,411 ","$28,095 ","$37,146 ","$40,772 ","$22,319 ","$37,590 ","$36,638 ","$20,793 "
560,"$34,027 ",,"$37,024 ","$22,128 ","$18,665 ","$35,334 ","$19,237 ","$27,577 ","$28,995 ","$10,242 "
561,"$33,818 ","$9,066 ","$29,646 ",,"$12,154 ","$28,216 ","$5,455 ","$22,730 ","$20,186 ","$5,859 "
562,"$29,141 ",,"$33,065 ",,"$24,152 ","$32,792 ","$38,974 ","$25,555 ","$39,018 ","$31,925 "
563,"$14,728 ","$13,543 ","$16,600 ",,"$15,577 ","$21,151 ","$17,370 ","$14,456 ","$18,463 ","$15,259 "
564,"$37,500 ","$16,978 ","$39,200 ","$18,122 ","$51,070 ","$35,880 ","$24,818 ","$30,646 ",,"$39,975 "
565,"$18,951 ",,"$18,209 ",,"$25,732 ","$16,114 ","$14,533 ","$15,207 ","$14,311 ","$19,025 "
566,"$14,408 ",,"$10,965 ",,"$25,541 ",,"$14,248 ","$16,742 ","$8,536 ","$10,352 "
570,"$47,973 ","$18,969 ","$54,925 ",,"$47,688 ","$14,472 ","$32,671 ","$65,701 ","$45,859 ","$37,627 "
571,"$31,030 ","$42,510 ","$22,571 ","$52,410 ","$28,128 ","$23,556 ","$24,995 ","$21,976 ","$23,206 ","$16,217 "
572,"$23,269 ","$25,067 ","$19,193 ","$19,093 ","$30,581 ","$32,852 ","$24,802 ","$24,873 ","$15,139 ","$17,247 "
573,"$119,995 ",,"$51,081 ",,,,"$61,633 ",,,
574,"$60,721 ",,"$27,044 ",,"$40,956 ",,"$58,010 ",,,
575,"$32,916 ",,,,,,,,,
576,"$142,828 ",,"$41,982 ","$42,177 ",,,"$46,848 ",,,
577,,,"$34,285 ","$41,080 ",,,,"$15,255 ",,
578,,,"$26,309 ",,,,,,,
579,"$69,701 ","$21,885 ","$40,164 ","$39,442 ",,,"$33,849 ","$25,683 ","$36,423 ","$37,251 "
580,"$24,011 ","$27,425 ","$22,454 ","$54,196 ","$25,765 ","$17,299 ","$31,974 ","$24,719 ","$25,885 ","$20,206 "
581,"$16,226 ","$20,141 ","$30,733 ","$31,182 ","$17,282 ","$23,262 ","$36,419 ","$16,146 ","$14,217 ","$20,647 "
582,"$55,493 ",,"$31,919 ","$35,025 ",,,"$68,243 ",,"$21,276 ","$50,753 "
583,,,"$62,196 ","$18,195 ",,,"$42,149 ",,,"$13,578 "
584,"$28,540 ","$16,178 ","$54,575 ","$25,055 ",,,,"$41,714 ",,"$29,975 "
585,"$38,827 ","$21,936 ","$7,926 ","$23,531 ",,,"$40,182 ",,,
592,"$34,629 ",,"$18,258 ",,"$9,652 ","$23,252 ","$11,597 ","$9,242 ","$17,890 ","$16,135 "
593,"$20,204 ","$7,783 ","$13,647 ",,,"$20,444 ",,"$9,920 ","$8,794 ","$15,042 "
594,,,"$9,669 ",,,,"$35,079 ",,,
595,,,"$33,707 ",,,,"$26,459 ",,,
596,"$17,912 ",,"$23,475 ","$13,311 ","$18,876 ","$13,798 ","$10,402 ",,"$11,637 ","$9,664 "
597,"$43,197 ",,"$20,823 ","$32,341 ","$86,842 ","$31,576 ","$52,446 ","$13,045 ",,"$15,096 "
598,"$8,844 ",,"$34,117 ","$19,762 ","$81,313 ","$43,837 ","$14,874 ",,"$16,718 ","$11,346 "
599,"$15,391 ",,,,,"$7,655 ",,"$14,322 ",,
600,"$11,285 ",,"$10,719 ","$12,054 ","$22,606 ","$37,965 ","$13,135 ",,"$17,685 ","$17,639 "
601,"$13,853 ","$14,281 ","$7,378 ","$7,506 ","$14,887 ",,"$11,238 ",,"$9,125 ","$9,723 "
602,"$32,270 ","$15,569 ","$23,079 ","$10,307 ","$26,972 ","$23,570 ","$20,389 ","$24,263 ","$28,448 ","$17,101 "
603,"$15,315 ","$12,753 ","$12,560 ","$14,680 ","$16,508 ","$16,186 ","$12,391 ","$10,712 ","$12,272 ","$12,016 "
604,"$35,228 ",,"$34,231 ",,"$150,301 ","$40,149 ","$14,903 ","$21,908 ","$3,138 ","$26,487 "
605,"$15,175 ","$19,203 ","$16,143 ",,"$19,736 ","$28,618 ","$17,057 ","$16,194 ","$16,343 ","$14,220 "
606,"$14,943 ",,"$25,550 ","$12,933 ",,"$26,749 ","$21,736 ",,"$30,279 ","$15,309 "
607,"$10,224 ","$8,503 ","$11,379 ","$10,571 ","$15,112 ",,"$14,375 ","$12,891 ","$9,857 ","$13,387 "
614,,,"$53,370 ","$31,662 ",,"$104,306 ","$41,658 ",,,
615,"$62,922 ",,"$45,296 ","$27,037 ",,,,,,
616,"$60,959 ",,"$63,442 ",,"$88,464 ",,"$51,241 ","$29,734 ","$58,790 ","$27,470 "
617,"$34,454 ","$30,491 ","$44,070 ","$46,952 ","$30,552 ","$61,497 ","$51,601 ","$28,203 ","$40,171 ","$25,240 "
618,"$24,230 ",,,,,,,,,
619,"$109,099 ",,"$126,815 ",,,,"$37,342 ",,,"$63,370 "
620,,,"$40,127 ",,,,"$41,345 ",,,"$46,982 "
621,,,"$37,126 ",,,,"$38,337 ",,,"$34,721 "
622,"$81,563 ",,"$62,144 ",,"$23,824 ","$56,185 ","$40,492 ",,"$36,609 ","$38,316 "
623,"$35,346 ","$17,382 ","$43,290 ",,"$32,649 ","$47,097 ","$26,557 ","$25,032 ","$35,792 ","$18,915 "
624,"$16,627 ",,,,,,,,,
625,,,"$74,040 ","$68,236 ",,,"$84,617 ",,,"$61,602 "
626,,,"$46,279 ","$56,484 ",,,"$28,476 ",,,"$22,306 "
627,,,"$39,083 ","$30,804 ",,,"$32,868 ",,,
628,"$93,079 ",,"$91,404 ","$59,497 ","$83,869 ","$91,894 ","$34,442 ","$77,762 ","$64,071 ","$31,306 "
629,"$49,758 ","$31,131 ","$11,318 ","$18,251 ","$55,664 ","$50,425 ","$40,088 ","$27,302 ","$42,629 ",
630,"$23,976 ",,,"$21,578 ",,,,"$18,417 ",,"$24,812 "
637,"$30,771 ","$18,011 ","$26,746 ","$9,028 ","$29,488 ","$30,198 ","$18,848 ","$23,706 ","$31,719 ","$20,285 "
638,"$15,574 ","$14,797 ","$15,413 ","$9,112 ","$20,412 ","$18,293 ","$14,047 ","$14,287 ","$13,332 ","$14,204 "
639,"$11,686 ","$11,862 ","$11,032 ",,"$16,242 ","$12,840 ","$7,712 ","$9,579 ","$10,339 ","$9,856 "
640,"$21,750 ","$18,302 ","$22,196 ","$30,006 ","$24,669 ","$21,713 ","$20,302 ","$20,879 ","$19,872 ","$15,629 "
641,"$15,703 ","$12,206 ","$15,137 ","$17,754 ","$18,269 ","$15,335 ","$12,571 ","$12,042 ","$14,175 ","$11,217 "
642,"$20,997 ",,"$12,988 ",,,,"$22,615 ",,"$16,906 ","$20,098 "
643,"$27,959 ","$18,808 ","$30,193 ","$80,039 ","$39,259 ","$29,625 ","$22,899 ","$23,369 ","$14,655 ","$27,151 "
644,"$20,260 ","$18,434 ","$19,444 ","$16,567 ","$19,961 ","$28,127 ","$15,575 ","$16,442 ","$23,794 ","$14,757 "
645,"$9,250 ",,"$18,226 ",,"$11,869 ",,"$8,710 ","$12,302 ",,"$13,763 "
653,"$83,128 ",,"$83,367 ","$156,356 ","$104,656 ",,,"$78,186 ",,"$94,657 "
654,"$37,613 ",,"$38,474 ","$77,066 ","$106,955 ",,"$60,280 ","$22,207 ",,"$35,213 "
655,"$41,974 ",,,,"$48,491 ",,"$48,915 ",,,
656,"$34,212 ",,"$89,688 ","$102,614 ",,"$250,104 ","$39,503 ","$98,037 ",,"$46,737 "
657,"$31,582 ",,"$43,116 ","$28,439 ","$56,971 ","$35,186 ","$50,283 ","$32,681 ",,"$28,742 "
658,"$27,211 ",,"$26,884 ","$21,907 ","$56,278 ","$30,873 ","$48,818 ",,,"$20,848 "
659,"$43,640 ",,"$26,612 ","$46,305 ",,,"$104,970 ",,,
660,"$29,111 ",,"$29,229 ","$52,270 ","$44,907 ","$31,255 ","$56,538 ","$36,742 ",,"$20,633 "
661,"$23,054 ",,"$33,221 ","$28,845 ","$37,172 ","$21,896 ","$37,355 ","$25,824 ","$14,537 ","$23,328 "
662,,,,"$795,936 ",,"$61,688 ",,"$25,628 ","$93,686 ",
663,"$23,858 ",,"$60,651 ",,,,"$162,351 ","$46,805 ","$21,541 ","$16,106 "
664,"$27,642 ",,"$27,930 ","$19,378 ",,"$19,874 ",,,,"$13,592 "
665,"$22,240 ",,"$112,692 ",,,,"$30,504 ",,"$52,046 ","$28,233 "
666,"$39,759 ",,"$42,408 ","$45,582 ","$22,516 ",,"$23,388 ","$17,872 ",,
667,"$15,196 ",,"$21,695 ",,"$16,163 ",,"$24,905 ",,,
668,"$36,244 ",,"$63,760 ",,"$51,284 ","$37,421 ","$35,997 ","$43,668 ","$68,011 ","$42,311 "
669,"$21,767 ",,"$20,805 ","$28,912 ","$23,916 ","$24,743 ","$34,158 ","$18,366 ","$22,106 ","$22,953 "
670,"$16,724 ",,"$22,238 ",,"$22,063 ","$26,339 ","$17,247 ","$15,221 ","$16,338 ","$16,510 "
671,"$34,694 ",,"$43,419 ",,,,,,,
673,"$67,114 ",,"$98,622 ","$167,177 ","$57,137 ","$62,996 ","$57,266 ","$28,662 ","$27,379 ","$24,110 "
674,"$39,432 ",,"$50,044 ","$113,835 ","$52,567 ","$42,909 ","$61,353 ","$35,003 ","$44,010 ","$45,466 "
675,,,"$22,412 ","$28,115 ",,,,,"$25,859 ",
682,"$30,595 ","$17,790 ","$30,920 ","$24,110 ","$34,306 ","$27,855 ","$24,462 ","$25,428 ","$21,909 ","$23,472 "
683,"$18,648 ","$12,665 ","$17,143 ","$16,804 ","$19,959 ","$22,459 ","$14,503 ","$15,496 ","$12,728 ","$14,610 "
684,"$11,991 ","$11,965 ","$14,129 ","$13,920 ","$13,180 ","$17,024 ","$9,409 ","$10,926 ","$8,651 ","$9,498 "
685,,,"$23,081 ",,"$12,815 ",,"$27,535 ",,,
686,"$57,047 ","$16,439 ",,"$14,566 ",,$0 ,"$28,674 ","$47,835 ",,"$13,730 "
687,"$18,026 ",,"$23,002 ","$9,682 ","$21,368 ","$30,634 ","$13,681 ","$11,229 ","$60,678 ","$15,540 "
688,"$18,513 ",,,"$23,916 ",,,,,,
689,"$20,638 ","$12,541 ","$19,846 ","$19,014 ","$21,347 ","$23,888 ","$16,045 ","$16,263 ","$17,618 ","$14,462 "
690,"$15,593 ","$11,328 ","$15,120 ","$17,153 ","$18,360 ","$18,690 ","$12,586 ","$13,720 ","$15,828 ","$13,829 "
691,,,"$29,991 ",,,,,"$25,092 ",,"$21,576 "
693,"$32,538 ",,"$22,306 ","$29,711 ","$34,199 ","$23,146 ","$21,659 ","$18,401 ",,"$8,646 "
694,"$13,806 ","$6,964 ","$15,626 ","$13,101 ","$16,232 ","$18,311 ","$15,347 ","$13,348 ","$16,180 ","$12,478 "
695,"$8,147 ","$17,554 ","$19,477 ","$17,259 ","$17,464 ",,"$27,081 ",,"$9,219 ",
696,"$12,756 ","$10,187 ","$15,102 ","$2,454 ","$16,985 ","$14,266 ","$11,908 ","$14,361 ","$5,948 ","$8,240 "
697,,,"$25,632 ",,,,,"$14,504 ",,
698,"$28,545 ","$15,917 ","$28,349 ","$26,837 ","$42,500 ","$25,514 ","$25,081 ","$25,433 ","$28,400 ","$26,322 "
699,"$13,728 ","$16,496 ","$15,248 ","$18,784 ","$25,406 ","$18,158 ","$17,117 ","$14,420 ","$12,088 ","$14,354 "
700,"$12,985 ",,"$16,013 ",,"$14,351 ","$14,353 ","$10,823 ","$8,192 ","$11,460 ","$11,985 "
707,"$54,004 ",,"$37,090 ","$35,069 ","$54,886 ","$34,765 ","$70,299 ",,,"$40,775 "
708,"$29,719 ",,"$32,793 ","$28,418 ","$48,828 ","$41,172 ","$55,960 ",,,"$38,169 "
709,"$27,548 ",,,,,,,"$22,527 ",,
710,,,,"$16,064 ","$7,061 ",,"$12,311 ",,,
711,,,"$19,192 ",,,,"$38,984 ",,,"$22,704 "
712,,,"$16,354 ",,,,"$18,120 ","$5,377 ",,
713,"$24,948 ",,"$28,967 ",,"$15,192 ","$15,605 ","$39,793 ","$20,370 ",,"$34,478 "
714,"$23,288 ",,"$14,843 ",,,,,"$13,958 ",,
715,"$36,478 ",,,"$15,539 ",,"$45,596 ","$76,660 ","$23,788 ",,
716,,,"$29,088 ","$20,245 ",,,,,,"$24,445 "
717,,,,"$29,096 ",,"$19,974 ",,"$29,131 ",,
718,,,,"$24,517 ",,,,,,
722,,,"$6,609 ",,,"$31,844 ","$16,654 ","$16,665 ",,"$17,948 "
723,"$21,659 ",,"$19,958 ","$15,445 ",,,"$22,112 ","$7,737 ","$24,028 ","$25,410 "
724,,,,"$17,112 ","$6,125 ",,,,,
725,,,"$23,087 ",,,,,,"$5,599 ",
726,"$14,926 ",,"$20,746 ",,,"$12,718 ","$5,674 ","$10,139 ",,"$12,448 "
727,"$11,972 ","$30,032 ",,,,,"$21,481 ","$15,424 ",,
728,"$17,368 ","$9,535 ","$16,101 ",,"$18,679 ","$16,975 ","$10,149 ","$5,786 ","$17,804 ","$11,606 "
729,"$41,496 ",,"$15,518 ","$5,907 ",,,"$10,949 ","$26,899 ",,
730,,,$0 ,,,,,"$9,406 ",,"$10,587 "
734,"$42,266 ",,"$73,094 ","$37,370 ",,,,,,
735,"$27,074 ",,"$54,787 ","$30,513 ",,,"$27,899 ",,,
736,"$36,891 ",,"$117,203 ","$131,235 ",,"$111,474 ","$76,049 ",,,
737,"$38,961 ",,"$65,501 ","$44,190 ",,,"$46,578 ",,,
738,"$21,871 ",,"$46,538 ","$18,962 ",,,"$39,174 ",,,
739,,,"$140,333 ","$78,315 ",,,,,,
740,"$38,428 ",,"$62,490 ","$35,869 ","$30,419 ","$22,735 ","$40,242 ","$15,992 ",,
741,"$26,699 ",,"$53,225 ","$28,382 ",,"$20,106 ","$40,656 ","$14,611 ",,"$11,090 "
742,"$27,638 ","$29,149 ","$45,369 ","$41,763 ","$32,652 ","$22,099 ","$41,139 ","$17,138 ","$28,594 ","$19,831 "
743,"$18,867 ","$27,933 ","$28,776 ","$25,249 ","$22,200 ","$20,857 ","$30,675 ","$15,437 ","$21,731 ","$14,377 "
744,"$36,955 ",,"$46,635 ","$23,075 ","$26,976 ",,"$28,429 ","$23,748 ","$81,730 ","$10,425 "
745,,,"$28,508 ",,,,,,"$18,972 ",
746,"$44,149 ",,"$38,079 ","$99,235 ",,"$21,610 ","$31,789 ",,,
747,"$18,293 ",,"$32,014 ","$15,307 ",,,"$10,065 ",,"$22,194 ",
748,"$11,914 ","$30,833 ","$23,574 ",,"$57,735 ",,"$39,495 ",,,"$9,647 "
749,"$22,750 ","$19,829 ","$50,729 ","$33,634 ",,,"$56,857 ",,,"$20,341 "
750,,,"$55,915 ",,,,"$36,768 ",,,
753,,,,,,,,,,"$10,112 "
754,"$5,305 ",,"$34,503 ","$21,299 ","$18,314 ",,"$20,782 ","$39,018 ",,"$51,158 "
755,"$16,330 ","$12,878 ","$25,626 ","$8,901 ","$28,337 ",,"$17,277 ","$18,492 ","$16,572 ","$13,660 "
756,,,"$14,888 ",,,,,,,
757,,,"$20,555 ",,,,"$17,570 ",,,"$23,523 "
758,"$18,142 ",,"$12,679 ","$35,506 ","$14,059 ",,"$30,793 ",,,"$20,346 "
759,"$17,939 ","$4,678 ","$21,893 ",,"$14,897 ",,"$4,540 ","$33,547 ",,
760,"$9,863 ",,"$21,515 ",,"$10,794 ",,"$14,920 ",,,"$8,754 "
761,,,"$18,391 ","$3,566 ","$15,750 ",,"$11,615 ","$5,746 ","$14,881 ","$7,853 "
765,"$15,728 ","$19,261 ","$17,778 ",,"$16,947 ","$20,302 ","$14,169 ","$12,692 ",,"$12,271 "
766,"$13,736 ","$17,262 ","$16,227 ",,"$15,190 ","$15,176 ","$11,999 ","$9,489 ",,"$11,323 "
767,"$10,628 ","$16,202 ","$15,637 ",,"$15,202 ","$16,137 ","$16,576 ","$9,623 ",,"$8,886 "
768,,"$9,717 ","$20,413 ",,"$11,241 ",,"$9,963 ","$10,243 ",,
769,"$31,713 ","$39,948 ",,,"$25,916 ",,"$15,379 ","$16,598 ",,
770,"$10,508 ",,"$16,530 ",,"$14,070 ","$11,006 ","$9,478 ","$13,456 ",,"$12,188 "
774,"$10,133 ","$10,835 ","$13,039 ",,"$11,587 ","$10,084 ","$11,398 ","$7,188 ",,"$8,412 "
775,"$8,497 ","$10,485 ","$12,370 ",,"$11,058 ","$8,978 ","$10,092 ","$6,606 ",,"$7,655 "
776,"$8,645 ","$6,169 ","$10,657 ",,"$9,413 ","$12,626 ","$10,441 ","$9,448 ",,"$8,343 "
777,,,"$29,216 ",,"$28,771 ",,"$28,331 ",,"$10,764 ","$15,462 "
778,,"$4,113 ","$8,738 ",,,"$5,968 ","$3,913 ",,,"$2,779 "
779,"$10,030 ",,"$7,481 ",,,"$12,063 ","$11,607 ",,"$26,857 ","$14,800 "
781,"$9,738 ","$14,361 ","$10,905 ",,"$17,387 ","$15,167 ","$10,989 ","$8,901 ","$2,807 ","$10,866 "
782,"$13,897 ",,,,,,,"$2,856 ",,
789,"$4,165 ","$2,941 ","$2,773 ",,"$7,332 ","$4,767 ","$7,129 ","$2,807 ",,"$6,074 "
790,,,,,"$29,340 ",,"$39,207 ","$2,593 ",,"$16,509 "
791,"$4,399 ",,"$6,221 ",,"$13,800 ","$12,827 ","$21,564 ","$4,871 ",,"$16,039 "
792,"$3,609 ","$2,776 ","$5,177 ",,"$5,048 ","$12,509 ","$10,824 ","$3,907 ",,"$13,335 "
793,"$4,574 ","$5,030 ","$5,766 ",,"$8,171 ","$7,073 ","$8,991 ","$5,979 ",,"$20,346 "
794,"$3,346 ","$3,213 ","$5,100 ",,"$3,639 ","$6,486 ","$3,391 ","$3,651 ",,"$4,060 "
795,"$2,849 ","$2,653 ","$4,433 ",,"$3,052 ","$5,754 ","$2,276 ","$3,295 ",,"$2,044 "
799,"$131,180 ",,,,,,"$65,958 ","$47,269 ",,"$59,644 "
800,"$41,933 ",,"$32,981 ",,,"$52,958 ",,,,
801,"$30,198 ",,,,,,"$42,639 ",,,
802,"$15,898 ",,"$79,204 ",,"$40,421 ",,"$13,861 ",,,
803,"$29,536 ",,"$22,132 ","$14,911 ",,"$31,112 ",,,,
804,,,,"$18,638 ",,,,,,
808,"$34,423 ","$25,523 ","$39,640 ","$40,609 ","$30,119 ","$41,378 ","$25,221 ","$33,652 ","$10,705 ","$25,078 "
809,"$17,744 ","$12,633 ","$19,086 ","$21,642 ","$25,592 ","$26,263 ","$14,973 ","$16,644 ","$24,229 ","$20,529 "
810,"$8,006 ",,"$15,733 ","$29,034 ","$25,957 ",,"$18,072 ","$7,095 ","$13,194 ","$14,379 "
811,"$28,024 ","$16,916 ","$27,827 ","$35,478 ","$32,727 ","$35,592 ","$18,581 ","$18,527 ","$29,119 ","$22,585 "
812,"$15,675 ","$16,328 ","$18,205 ","$12,074 ","$18,472 ","$20,763 ","$14,559 ","$15,049 ","$15,890 ","$14,332 "
813,"$28,885 ","$11,750 ","$44,669 ","$42,830 ","$67,564 ","$29,926 ","$22,980 ","$59,180 ","$52,300 ","$26,146 "
814,"$17,284 ",,"$48,900 ","$9,753 ",,"$25,760 ","$29,490 ",,"$84,812 ","$17,119 "
815,"$5,050 ",,"$19,320 ","$34,978 ","$23,514 ","$11,751 ","$24,096 ","$17,455 ",,"$12,904 "
816,"$16,468 ",,"$13,066 ",,"$11,141 ","$43,735 ","$15,080 ","$10,336 ","$13,877 ","$11,481 "
817,,,,,,,,"$14,906 ",,
820,,,"$127,526 ","$129,578 ","$46,717 ","$109,112 ","$124,811 ",,,
821,"$91,466 ",,"$48,712 ","$35,383 ",,,,"$6,724 ",,
822,"$29,519 ",,"$37,394 ","$25,888 ","$154,456 ",,,,,
823,,"$21,751 ","$55,453 ",,"$154,765 ","$88,994 ","$71,836 ","$27,958 ","$43,316 ","$23,570 "
824,"$26,796 ",,"$48,019 ","$53,895 ",,"$39,708 ","$67,140 ",,"$237,355 ",
825,"$22,023 ",,"$27,389 ","$25,715 ","$21,163 ",,,,,
826,"$154,713 ",,"$103,782 ","$62,524 ",,"$102,964 ","$68,651 ",,,"$86,584 "
827,,,"$63,309 ","$51,124 ",,"$40,004 ",,"$35,999 ",,
828,,,"$60,770 ","$53,577 ",,,"$39,148 ",,,
829,"$103,989 ",,"$159,038 ","$78,019 ",,,"$49,506 ","$36,862 ",,
830,,,,"$23,111 ",,,,,,
834,"$21,439 ",,"$132,871 ","$72,173 ","$113,053 ",,"$33,682 ","$48,459 ","$32,956 ","$22,922 "
835,"$21,750 ","$12,723 ","$49,333 ","$41,797 ","$51,204 ","$43,211 ","$69,214 ","$8,272 ","$12,977 ","$15,060 "
836,"$11,531 ",,,"$52,877 ",,"$3,379 ",,,,
837,,,,"$91,881 ","$63,772 ",,,,"$30,352 ","$45,487 "
838,,,"$11,424 ","$36,319 ","$53,016 ",,,"$10,664 ",,"$19,215 "
839,,,"$7,125 ","$16,638 ","$16,129 ",,,,,"$23,372 "
840,"$43,548 ","$22,514 ","$47,242 ","$46,629 ","$122,665 ","$37,697 ","$52,376 ","$47,975 ","$21,238 ","$49,608 "
841,"$24,590 ",,"$25,061 ","$23,934 ","$33,920 ","$59,755 ","$24,662 ","$21,365 ","$31,295 ","$16,647 "
842,"$11,692 ","$17,679 ","$48,722 ","$32,628 ","$18,836 ","$24,715 ","$14,457 ",,"$15,593 ","$18,228 "
843,,,"$9,728 ","$36,574 ",,"$4,563 ","$12,197 ","$19,013 ",,"$13,287 "
844,"$19,233 ",,,"$15,986 ",,,"$10,733 ","$36,505 ","$21,224 ","$11,490 "
845,"$9,698 ",,"$2,872 ",,"$26,950 ",,,,,"$12,124 "
846,,,"$16,122 ","$112,999 ",,,"$27,533 ",,,"$31,857 "
847,"$18,516 ",,"$30,981 ","$20,444 ","$22,889 ","$27,628 ","$20,619 ","$18,297 ","$16,181 ","$34,836 "
848,"$17,668 ",,,"$10,338 ",,,,,,
849,,,,"$26,382 ","$24,657 ",,,,,
853,"$105,012 ","$77,352 ","$106,131 ","$92,465 ","$123,906 ","$68,684 ","$87,109 ","$68,499 ","$104,867 ","$74,751 "
854,"$41,784 ",,"$42,873 ","$33,590 ","$43,516 ","$30,888 ","$34,204 ","$26,704 ","$53,762 ","$35,274 "
855,,,"$40,850 ",,,"$16,440 ",,"$16,924 ",,"$12,522 "
856,"$73,333 ",,"$98,048 ",,"$97,964 ","$33,361 ","$62,390 ","$45,377 ","$55,473 ","$63,517 "
857,"$37,345 ","$29,421 ","$42,869 ","$22,923 ","$36,607 ","$33,871 ","$26,214 ","$26,093 ","$22,377 ","$19,722 "
858,"$8,629 ","$19,325 ","$64,740 ",,,,"$28,180 ","$15,229 ","$30,357 ","$7,231 "
862,"$22,867 ","$13,725 ","$33,001 ","$58,273 ","$40,415 ","$24,009 ","$34,270 ","$32,903 ","$24,947 ","$16,062 "
863,"$19,401 ",,"$15,107 ","$13,604 ","$29,688 ","$14,506 ","$18,970 ","$12,895 ","$10,873 ","$15,615 "
864,"$11,704 ","$13,339 ","$18,126 ","$13,801 ","$26,866 ",,"$12,797 ","$14,799 ","$7,049 ","$7,640 "
865,"$17,518 ",,"$30,124 ","$67,617 ","$13,911 ","$28,541 ","$12,978 ","$15,926 ",,"$12,033 "
866,"$10,143 ","$14,781 ","$21,768 ","$24,606 ","$19,082 ","$22,336 ","$11,700 ","$6,586 ","$3,605 ","$12,182 "
867,,,"$90,646 ","$42,737 ",,,"$29,298 ","$40,488 ",,"$7,290 "
868,"$14,332 ",,,,"$23,396 ","$25,484 ","$17,925 ","$16,418 ",,
869,,,,,"$8,595 ",,,,,"$10,980 "
870,"$122,567 ","$98,615 ","$106,329 ","$118,433 ","$150,348 ","$97,438 ","$108,811 ","$89,175 ","$109,801 ","$86,599 "
871,"$34,664 ","$28,799 ","$37,154 ","$37,527 ","$39,298 ","$33,396 ","$29,779 ","$26,733 ","$33,459 ","$27,314 "
872,"$20,896 ","$16,892 ","$19,213 ","$25,061 ","$24,003 ","$20,595 ","$16,858 ","$16,565 ","$15,326 ","$16,193 "
876,,,"$224,361 ",,"$23,990 ",,,,"$26,225 ",
880,"$15,953 ","$20,813 ","$15,201 ","$8,868 ","$23,981 ","$9,847 ","$17,206 ","$11,212 ","$16,942 ","$9,403 "
881,"$20,218 ",,"$11,969 ",,"$37,900 ","$11,605 ","$6,555 ","$13,315 ","$14,317 ","$10,209 "
882,"$24,170 ",,"$9,416 ",,$0 ,"$11,667 ","$18,743 ",,"$7,511 ","$8,748 "
883,,,,,"$34,090 ","$7,063 ",,,"$10,741 ","$10,736 "
884,"$18,814 ","$13,417 ","$16,900 ","$14,251 ","$44,800 ","$16,354 ","$14,921 ","$14,670 ","$23,050 ","$17,004 "
885,"$15,866 ","$9,056 ","$19,341 ",,"$32,343 ","$16,336 ","$17,182 ","$12,602 ","$20,677 ","$15,667 "
886,,,,,"$37,780 ","$9,669 ",,,,"$25,940 "
887,,,"$22,567 ",,,,"$13,565 ",,,
894,"$9,980 ","$14,965 ","$11,313 ",,"$12,502 ","$16,189 ","$16,466 ","$20,731 ","$6,126 ","$13,691 "
895,,,,,,,,,"$9,033 ",
896,"$28,035 ","$15,302 ","$30,854 ","$21,081 ","$40,051 ","$44,665 ","$22,298 ","$40,788 ","$24,971 ","$22,798 "
897,"$12,210 ","$15,122 ","$12,825 ","$4,689 ","$21,133 ","$17,901 ","$10,617 ","$18,367 ","$14,077 ","$11,840 "
901,"$158,344 ",,"$43,812 ",,"$169,679 ",,"$19,442 ","$49,457 ","$48,796 ",
902,"$22,797 ",,"$21,806 ",,"$32,938 ","$18,687 ","$25,709 ","$12,697 ",,"$37,724 "
903,"$17,631 ","$19,037 ",,,,,"$15,450 ",,,
904,"$66,612 ",,"$27,394 ",,"$89,659 ",,,,,
906,,,,,"$54,808 ",,"$71,120 ",,"$13,858 ","$12,157 "
907,"$78,692 ","$47,308 ","$87,558 ","$119,967 ","$82,243 ","$105,557 ","$76,882 ","$72,683 ","$140,806 ","$62,138 "
908,"$38,814 ","$35,133 ","$25,250 ","$33,813 ","$48,612 ",,"$46,934 ","$28,471 ","$36,610 ","$36,345 "
909,"$23,342 ","$17,001 ","$21,136 ","$15,767 ","$30,416 ","$21,341 ","$27,043 ","$15,321 ",,"$16,809 "
913,"$33,757 ","$56,216 ","$30,208 ",,"$8,150 ",,"$26,509 ",,"$27,705 ",
914,"$23,765 ","$15,071 ","$18,619 ",,"$14,586 ",,"$14,218 ","$15,132 ","$15,965 ","$30,502 "
915,"$36,364 ",,"$28,849 ","$15,281 ","$96,982 ","$41,966 ","$36,433 ",,"$23,815 ",
916,"$6,461 ","$15,454 ","$8,281 ",,"$18,430 ","$9,930 ","$15,131 ","$14,327 ","$4,949 ","$7,733 "
917,"$29,745 ","$22,607 ","$25,579 ","$13,600 ","$33,548 ","$32,574 ","$17,816 ","$28,985 ","$38,804 ","$22,144 "
918,"$12,084 ","$12,176 ","$12,982 ","$48,653 ","$16,159 ","$14,919 ","$12,794 ","$10,715 ","$12,887 ","$11,287 "
919,"$35,338 ","$13,871 ","$37,266 ","$127,092 ","$22,531 ","$36,292 ","$26,332 ","$31,747 ","$20,963 ","$33,147 "
920,"$22,115 ","$3,480 ","$19,220 ","$33,159 ","$27,130 ","$22,770 ","$16,636 ","$12,809 ","$9,950 ","$15,962 "
921,"$10,866 ",,"$21,127 ","$2,890 ","$26,850 ",,"$8,803 ","$11,562 ",,"$10,007 "
922,"$12,177 ",,"$30,537 ","$39,601 ","$14,979 ",,"$25,157 ","$17,810 ","$28,849 ","$20,832 "
923,"$24,410 ","$9,112 ","$23,918 ","$12,608 ",,,"$10,797 ","$14,966 ","$16,306 ","$15,876 "
928,,,,,,,,,"$55,656 ",
930,,,,,,,,"$10,830 ",,
934,,,,,,,"$13,621 ",,,
935,,"$15,101 ","$11,689 ",,"$11,376 ",,"$9,126 ",,,"$12,886 "
939,"$191,481 ",,"$134,289 ","$237,823 ","$46,569 ",,"$5,892 ",,"$44,057 ",
940,"$99,920 ",,"$18,851 ","$17,853 ",,,"$42,328 ","$37,539 ","$57,528 ","$36,588 "
941,"$24,505 ",,,,,,,"$37,128 ",,
945,,,,,,"$30,962 ",,"$33,559 ",,
946,,,,,,"$29,898 ",,"$34,269 ",,
947,"$27,460 ","$9,451 ","$29,496 ","$19,675 ","$15,584 ","$4,820 ","$18,054 ","$12,428 ","$32,225 ","$18,418 "
948,"$19,793 ","$12,763 ","$16,538 ","$17,939 ","$13,948 ","$15,427 ","$15,420 ","$13,995 ","$13,833 ","$12,699 "
949,"$34,701 ",,"$42,275 ",,"$29,199 ","$35,845 ","$11,682 ","$33,819 ","$36,920 ","$19,550 "
950,"$27,722 ",,"$36,133 ",,,"$22,939 ","$5,879 ","$1,301 ",,
951,"$3,954 ","$2,856 ","$3,381 ",$634 ,"$4,549 ","$2,613 ","$4,795 ","$3,790 ","$5,360 ","$3,636 "
955,"$78,325 ",,"$336,881 ",,,"$74,238 ","$80,160 ","$58,829 ","$129,348 ",
956,"$74,151 ","$31,784 ","$88,184 ",,"$90,175 ","$56,763 ","$108,579 ","$55,085 ","$103,506 ","$45,585 "
957,,,,,,"$133,653 ","$137,283 ","$90,510 ","$114,798 ",
958,"$61,188 ",,"$135,622 ",,,"$61,564 ","$99,713 ","$53,085 ","$63,979 ","$40,715 "
959,,,,,,,,"$68,170 ","$21,872 ",
963,"$43,249 ",,"$97,439 ",,,"$44,345 ","$49,189 ","$36,690 ","$47,636 ",
964,"$26,293 ",,"$35,764 ",,"$42,482 ","$23,970 ","$25,735 ","$24,284 ","$33,468 ","$20,241 "
965,"$12,875 ",,"$30,714 ",,,"$11,402 ","$26,039 ","$19,525 ","$27,714 ",
969,,,,"$112,972 ",,,,,,
974,,,"$70,901 ","$80,009 ","$27,348 ","$37,351 ","$32,826 ",,"$26,800 ",
975,,,"$20,526 ","$22,996 ","$29,654 ","$46,788 ","$17,827 ",,"$29,976 ","$22,169 "
976,,,,,,"$17,366 ","$15,600 ",,"$21,805 ","$40,079 "
977,,,"$78,000 ","$30,215 ",,"$33,957 ",,,,
981,"$95,586 ","$42,209 ","$102,460 ","$50,776 ","$104,744 ","$95,192 ","$72,858 ","$48,043 ","$74,379 ","$47,874 "
982,"$56,169 ",,"$64,119 ","$42,898 ","$50,955 ","$39,442 ","$40,586 ","$43,441 ","$43,980 ","$45,394 "
983,"$45,496 ","$18,754 ","$49,445 ","$26,386 ","$39,289 ","$57,841 ","$28,664 ","$22,885 ","$28,523 ","$13,309 "
987,"$111,240 ","$43,779 ","$89,423 ","$165,210 ","$109,281 ","$54,503 ","$59,641 ","$30,743 ","$75,843 ","$58,616 "
988,"$35,624 ",,"$39,514 ","$59,903 ","$25,936 ","$36,742 ","$41,004 ","$21,152 ","$53,632 ","$25,546 "
989,"$18,618 ","$41,653 ","$19,347 ","$18,534 ","$29,716 ","$24,160 ","$24,769 ","$32,581 ","$22,877 ","$21,941 "
999,,,,"$31,433 ",,,,,"$5,771 ",
